unique_id,ds,cutoff,TCN,Autoformer,Autoformer_NoDecomp,y,seed
FRED,2025-07-16,2025-07-15,4.4509397,4.4034424,4.4299235,4.46,1
FRED,2025-07-17,2025-07-15,4.3897686,4.336146,4.4299235,4.47,1
FRED,2025-07-18,2025-07-15,4.575148,4.374471,4.4299235,4.44,1
FRED,2025-07-21,2025-07-15,4.416432,4.4221783,4.4299235,4.38,1
FRED,2025-07-22,2025-07-15,4.4676704,4.4200063,4.4299235,4.35,1
FRED,2025-07-23,2025-07-15,4.5803165,4.435277,4.4299235,4.4,1
FRED,2025-07-24,2025-07-15,4.545993,4.468193,4.4299235,4.43,1
FRED,2025-07-25,2025-07-15,4.4910874,4.510198,4.4299235,4.4,1
FRED,2025-07-28,2025-07-15,4.5490575,4.5275707,4.4299235,4.42,1
FRED,2025-07-29,2025-07-15,4.578854,4.548965,4.4299235,4.34,1
FRED,2025-07-30,2025-07-15,4.49094,4.563673,4.4299235,4.38,1
FRED,2025-07-31,2025-07-15,4.4918213,4.54893,4.4299235,4.37,1
FRED,2025-08-01,2025-07-15,4.5644145,4.5585265,4.4299235,4.23,1
FRED,2025-08-04,2025-07-15,4.520695,4.630339,4.4299235,4.22,1
FRED,2025-07-25,2025-07-24,4.471134,4.4660096,4.422257,4.4,1
FRED,2025-07-28,2025-07-24,4.49045,4.467279,4.422257,4.42,1
FRED,2025-07-29,2025-07-24,4.4887342,4.473459,4.422257,4.34,1
FRED,2025-07-30,2025-07-24,4.5564094,4.4776535,4.422257,4.38,1
FRED,2025-07-31,2025-07-24,4.509487,4.4728804,4.422257,4.37,1
FRED,2025-08-01,2025-07-24,4.4802675,4.452887,4.422257,4.23,1
FRED,2025-08-04,2025-07-24,4.523753,4.4281125,4.422257,4.22,1
FRED,2025-08-05,2025-07-24,4.5736876,4.409004,4.422257,4.22,1
FRED,2025-08-06,2025-07-24,4.502857,4.3965898,4.422257,4.22,1
FRED,2025-08-07,2025-07-24,4.5497184,4.395479,4.422257,4.23,1
FRED,2025-08-08,2025-07-24,4.5427194,4.3970294,4.422257,4.27,1
FRED,2025-08-11,2025-07-24,4.559378,4.3932614,4.422257,4.27,1
FRED,2025-08-12,2025-07-24,4.658615,4.379559,4.422257,4.29,1
FRED,2025-08-13,2025-07-24,4.62612,4.358452,4.422257,4.24,1
FRED,2025-08-05,2025-08-04,4.3274283,4.282134,4.407924,4.22,1
FRED,2025-08-06,2025-08-04,4.2950654,4.3202043,4.407924,4.22,1
FRED,2025-08-07,2025-08-04,4.3090158,4.309511,4.407924,4.23,1
FRED,2025-08-08,2025-08-04,4.2889314,4.3378577,4.407924,4.27,1
FRED,2025-08-11,2025-08-04,4.3430443,4.4187694,4.407924,4.27,1
FRED,2025-08-12,2025-08-04,4.3389144,4.4327173,4.407924,4.29,1
FRED,2025-08-13,2025-08-04,4.380176,4.4610567,4.407924,4.24,1
FRED,2025-08-14,2025-08-04,4.3603168,4.414839,4.407924,4.29,1
FRED,2025-08-15,2025-08-04,4.354993,4.4320226,4.407924,4.33,1
FRED,2025-08-18,2025-08-04,4.3517294,4.412961,4.407924,4.34,1
FRED,2025-08-19,2025-08-04,4.379082,4.4040337,4.407924,4.3,1
FRED,2025-08-20,2025-08-04,4.361797,4.475574,4.407924,4.29,1
FRED,2025-08-21,2025-08-04,4.3946557,4.5664077,4.407924,4.33,1
FRED,2025-08-22,2025-08-04,4.3931537,4.607273,4.407924,4.26,1
FRED,2025-08-14,2025-08-13,4.2229543,4.3150783,4.399924,4.29,1
FRED,2025-08-15,2025-08-13,4.218916,4.334623,4.399924,4.33,1
FRED,2025-08-18,2025-08-13,4.260734,4.2787156,4.399924,4.34,1
FRED,2025-08-19,2025-08-13,4.2084036,4.2927694,4.399924,4.3,1
FRED,2025-08-20,2025-08-13,4.2065473,4.300349,4.399924,4.29,1
FRED,2025-08-21,2025-08-13,4.234362,4.303685,4.399924,4.33,1
FRED,2025-08-22,2025-08-13,4.23188,4.303024,4.399924,4.26,1
FRED,2025-08-25,2025-08-13,4.218422,4.2670913,4.399924,4.28,1
FRED,2025-08-26,2025-08-13,4.2115126,4.2604337,4.399924,4.26,1
FRED,2025-08-27,2025-08-13,4.2310634,4.2745323,4.399924,4.24,1
FRED,2025-08-28,2025-08-13,4.205593,4.2422547,4.399924,4.22,1
FRED,2025-08-29,2025-08-13,4.2014017,4.1517925,4.399924,4.23,1
FRED,2025-09-02,2025-08-13,4.1864433,4.149673,4.399924,4.28,1
FRED,2025-09-03,2025-08-13,4.1714125,4.169357,4.399924,4.22,1
FRED,2025-08-25,2025-08-22,4.2771635,4.501547,4.3849235,4.28,1
FRED,2025-08-26,2025-08-22,4.30075,4.543196,4.3849235,4.26,1
FRED,2025-08-27,2025-08-22,4.3013444,4.5314503,4.3849235,4.24,1
FRED,2025-08-28,2025-08-22,4.2882233,4.5305796,4.3849235,4.22,1
FRED,2025-08-29,2025-08-22,4.299551,4.519181,4.3849235,4.23,1
FRED,2025-09-02,2025-08-22,4.3073206,4.520949,4.3849235,4.28,1
FRED,2025-09-03,2025-08-22,4.279328,4.5341387,4.3849235,4.22,1
FRED,2025-09-04,2025-08-22,4.337956,4.564402,4.3849235,4.17,1
FRED,2025-09-05,2025-08-22,4.2873054,4.553743,4.3849235,4.1,1
FRED,2025-09-08,2025-08-22,4.3540206,4.478593,4.3849235,4.05,1
FRED,2025-09-09,2025-08-22,4.312018,4.446391,4.3849235,4.08,1
FRED,2025-09-10,2025-08-22,4.2994895,4.405487,4.3849235,4.04,1
FRED,2025-09-11,2025-08-22,4.2612677,4.3939333,4.3849235,4.01,1
FRED,2025-09-12,2025-08-22,4.2883515,4.221874,4.3849235,4.06,1
FRED,2025-09-04,2025-09-03,4.2704687,4.220324,4.34159,4.17,1
FRED,2025-09-05,2025-09-03,4.253217,4.2284255,4.34159,4.1,1
FRED,2025-09-08,2025-09-03,4.279498,4.2053905,4.34159,4.05,1
FRED,2025-09-09,2025-09-03,4.2664595,4.1980495,4.34159,4.08,1
FRED,2025-09-10,2025-09-03,4.3128724,4.1932397,4.34159,4.04,1
FRED,2025-09-11,2025-09-03,4.313304,4.201508,4.34159,4.01,1
FRED,2025-09-12,2025-09-03,4.282202,4.223643,4.34159,4.06,1
FRED,2025-09-15,2025-09-03,4.320327,4.271581,4.34159,4.05,1
FRED,2025-09-16,2025-09-03,4.3129783,4.31931,4.34159,4.04,1
FRED,2025-09-17,2025-09-03,4.320461,4.345154,4.34159,4.06,1
FRED,2025-09-18,2025-09-03,4.3017077,4.4128146,4.34159,4.11,1
FRED,2025-09-19,2025-09-03,4.323529,4.448538,4.34159,4.14,1
FRED,2025-09-22,2025-09-03,4.3698177,4.5000105,4.34159,4.15,1
FRED,2025-09-23,2025-09-03,4.3830886,4.509947,4.34159,4.12,1
FRED,2025-09-15,2025-09-12,4.1103663,4.018753,4.267257,4.05,1
FRED,2025-09-16,2025-09-12,4.122669,4.012945,4.267257,4.04,1
FRED,2025-09-17,2025-09-12,4.0820594,3.9869006,4.267257,4.06,1
FRED,2025-09-18,2025-09-12,4.100799,3.9564316,4.267257,4.11,1
FRED,2025-09-19,2025-09-12,4.097052,3.9186964,4.267257,4.14,1
FRED,2025-09-22,2025-09-12,4.0968237,3.8876863,4.267257,4.15,1
FRED,2025-09-23,2025-09-12,4.1052322,3.9208422,4.267257,4.12,1
FRED,2025-09-24,2025-09-12,4.095782,3.9895897,4.267257,4.16,1
FRED,2025-09-25,2025-09-12,4.0883203,4.0800834,4.267257,4.18,1
FRED,2025-09-26,2025-09-12,4.097818,4.1006756,4.267257,4.2,1
FRED,2025-09-29,2025-09-12,4.089241,4.092871,4.267257,4.15,1
FRED,2025-09-30,2025-09-12,4.0813437,3.928696,4.267257,4.16,1
FRED,2025-10-01,2025-09-12,4.077501,4.0392966,4.267257,4.12,1
FRED,2025-10-02,2025-09-12,4.087404,4.1600785,4.267257,4.1,1
FRED,2025-09-24,2025-09-23,4.128883,4.1122947,4.234257,4.16,1
FRED,2025-09-25,2025-09-23,4.130238,4.144845,4.234257,4.18,1
FRED,2025-09-26,2025-09-23,4.1570225,4.1636324,4.234257,4.2,1
FRED,2025-09-29,2025-09-23,4.118311,4.139948,4.234257,4.15,1
FRED,2025-09-30,2025-09-23,4.1182466,4.1348853,4.234257,4.16,1
FRED,2025-10-01,2025-09-23,4.168925,4.142798,4.234257,4.12,1
FRED,2025-10-02,2025-09-23,4.1514173,4.139401,4.234257,4.1,1
FRED,2025-10-03,2025-09-23,4.096875,4.1130447,4.234257,4.13,1
FRED,2025-10-06,2025-09-23,4.1467023,4.1243043,4.234257,4.18,1
FRED,2025-10-07,2025-09-23,4.1390424,4.1133237,4.234257,4.14,1
FRED,2025-10-08,2025-09-23,4.1542897,4.0705876,4.234257,4.13,1
FRED,2025-10-09,2025-09-23,4.1254306,4.0300345,4.234257,4.14,1
FRED,2025-10-10,2025-09-23,4.113976,3.9883587,4.234257,4.05,1
FRED,2025-10-14,2025-09-23,4.0956135,3.9860525,4.234257,4.03,1
FRED,2025-10-03,2025-10-02,4.2164383,4.2098713,4.2005906,4.13,1
FRED,2025-10-06,2025-10-02,4.2684,4.2312803,4.2005906,4.18,1
FRED,2025-10-07,2025-10-02,4.2143865,4.262401,4.2005906,4.14,1
FRED,2025-10-08,2025-10-02,4.3189416,4.3141646,4.2005906,4.13,1
FRED,2025-10-09,2025-10-02,4.3387856,4.354156,4.2005906,4.14,1
FRED,2025-10-10,2025-10-02,4.3029103,4.3851666,4.2005906,4.05,1
FRED,2025-10-14,2025-10-02,4.3001184,4.404141,4.2005906,4.03,1
FRED,2025-10-15,2025-10-02,4.346695,4.405573,4.2005906,4.05,1
FRED,2025-10-16,2025-10-02,4.3684363,4.395221,4.2005906,3.99,1
FRED,2025-10-17,2025-10-02,4.347246,4.397496,4.2005906,4.02,1
FRED,2025-10-20,2025-10-02,4.4019923,4.4240203,4.2005906,4.0,1
FRED,2025-10-21,2025-10-02,4.423476,4.426757,4.2005906,3.98,1
FRED,2025-10-22,2025-10-02,4.3999085,4.316789,4.2005906,3.97,1
FRED,2025-10-23,2025-10-02,4.425131,4.1571274,4.2005906,4.01,1
FRED,2025-10-15,2025-10-14,4.106898,3.94182,4.16659,4.05,1
FRED,2025-10-16,2025-10-14,4.0986934,3.9568331,4.16659,3.99,1
FRED,2025-10-17,2025-10-14,4.195773,3.971026,4.16659,4.02,1
FRED,2025-10-20,2025-10-14,4.140625,4.034081,4.16659,4.0,1
FRED,2025-10-21,2025-10-14,4.2669406,4.1048408,4.16659,3.98,1
FRED,2025-10-22,2025-10-14,4.2426224,4.1317816,4.16659,3.97,1
FRED,2025-10-23,2025-10-14,4.2000294,4.193643,4.16659,4.01,1
FRED,2025-10-24,2025-10-14,4.2281804,4.2427073,4.16659,4.02,1
FRED,2025-10-27,2025-10-14,4.27869,4.308183,4.16659,4.01,1
FRED,2025-10-28,2025-10-14,4.2727103,4.3868217,4.16659,3.99,1
FRED,2025-10-29,2025-10-14,4.332505,4.449393,4.16659,4.08,1
FRED,2025-10-30,2025-10-14,4.316462,4.514174,4.16659,4.11,1
FRED,2025-10-31,2025-10-14,4.3083825,4.57658,4.16659,4.11,1
FRED,2025-11-03,2025-10-14,4.3418846,4.522764,4.16659,4.13,1
FRED,2025-10-24,2025-10-23,4.0156107,3.844226,4.135924,4.02,1
FRED,2025-10-27,2025-10-23,4.016747,3.8847418,4.135924,4.01,1
FRED,2025-10-28,2025-10-23,4.0002213,4.0078692,4.135924,3.99,1
FRED,2025-10-29,2025-10-23,4.0428123,4.0083127,4.135924,4.08,1
FRED,2025-10-30,2025-10-23,4.0218744,3.9615862,4.135924,4.11,1
FRED,2025-10-31,2025-10-23,3.9947617,3.9538014,4.135924,4.11,1
FRED,2025-11-03,2025-10-23,3.974063,3.981651,4.135924,4.13,1
FRED,2025-11-04,2025-10-23,3.99726,4.045461,4.135924,4.1,1
FRED,2025-11-05,2025-10-23,4.0099387,4.165512,4.135924,4.17,1
FRED,2025-11-06,2025-10-23,3.9882083,4.205211,4.135924,4.11,1
FRED,2025-11-07,2025-10-23,3.9995055,4.0604215,4.135924,4.11,1
FRED,2025-11-10,2025-10-23,4.0081835,4.0582614,4.135924,4.13,1
FRED,2025-11-12,2025-10-23,3.9817784,4.050684,4.135924,4.08,1
FRED,2025-11-13,2025-10-23,4.003989,4.2179275,4.135924,4.11,1
FRED,2025-11-04,2025-11-03,4.1525073,4.114902,4.1352572,4.1,1
FRED,2025-11-05,2025-11-03,4.1122417,4.0895443,4.1352572,4.17,1
FRED,2025-11-06,2025-11-03,4.1719832,4.12766,4.1352572,4.11,1
FRED,2025-11-07,2025-11-03,4.0884333,4.2510037,4.1352572,4.11,1
FRED,2025-11-10,2025-11-03,4.1501436,4.209184,4.1352572,4.13,1
FRED,2025-11-12,2025-11-03,4.193883,4.1777844,4.1352572,4.08,1
FRED,2025-11-13,2025-11-03,4.17108,4.0252233,4.1352572,4.11,1
FRED,2025-11-14,2025-11-03,4.0929327,4.0243173,4.1352572,4.14,1
FRED,2025-11-17,2025-11-03,4.1359444,4.0445943,4.1352572,4.13,1
FRED,2025-11-18,2025-11-03,4.136543,4.0544863,4.1352572,4.12,1
FRED,2025-11-19,2025-11-03,4.1347938,4.0546384,4.1352572,4.13,1
FRED,2025-11-20,2025-11-03,4.1116676,4.0492206,4.1352572,4.1,1
FRED,2025-11-21,2025-11-03,4.1400843,4.041027,4.1352572,4.06,1
FRED,2025-11-24,2025-11-03,4.187788,4.09112,4.1352572,4.04,1
FRED,2025-11-14,2025-11-13,4.1538973,4.143134,4.124923,4.14,1
FRED,2025-11-17,2025-11-13,4.173076,4.159505,4.124923,4.13,1
FRED,2025-11-18,2025-11-13,4.139919,4.1806254,4.124923,4.12,1
FRED,2025-11-19,2025-11-13,4.1693025,4.195405,4.124923,4.13,1
FRED,2025-11-20,2025-11-13,4.1613736,4.2047234,4.124923,4.1,1
FRED,2025-11-21,2025-11-13,4.1401215,4.2136855,4.124923,4.06,1
FRED,2025-11-24,2025-11-13,4.191537,4.217132,4.124923,4.04,1
FRED,2025-11-25,2025-11-13,4.2209396,4.2187004,4.124923,4.01,1
FRED,2025-11-26,2025-11-13,4.1801443,4.219379,4.124923,4.0,1
FRED,2025-11-28,2025-11-13,4.230313,4.2236395,4.124923,4.02,1
FRED,2025-12-01,2025-11-13,4.2393293,4.2344685,4.124923,4.09,1
FRED,2025-12-02,2025-11-13,4.2555766,4.2552633,4.124923,4.09,1
FRED,2025-12-03,2025-11-13,4.300382,4.277323,4.124923,4.06,1
FRED,2025-12-04,2025-11-13,4.273206,4.1915016,4.124923,4.11,1
FRED,2025-11-25,2025-11-24,4.084879,4.23769,4.11759,4.01,1
FRED,2025-11-26,2025-11-24,4.094894,4.2409286,4.11759,4.0,1
FRED,2025-11-28,2025-11-24,4.0766964,4.22077,4.11759,4.02,1
FRED,2025-12-01,2025-11-24,4.0699754,4.210635,4.11759,4.09,1
FRED,2025-12-02,2025-11-24,4.097967,4.1435876,4.11759,4.09,1
FRED,2025-12-03,2025-11-24,4.1023364,4.0787964,4.11759,4.06,1
FRED,2025-12-04,2025-11-24,4.114487,4.1456175,4.11759,4.11,1
FRED,2025-12-05,2025-11-24,4.0985165,4.05729,4.11759,4.14,1
FRED,2025-12-08,2025-11-24,4.10312,4.034328,4.11759,4.17,1
FRED,2025-12-09,2025-11-24,4.1157904,4.048426,4.11759,4.18,1
FRED,2025-12-10,2025-11-24,4.106865,4.0883017,4.11759,4.13,1
FRED,2025-12-11,2025-11-24,4.12537,3.9512389,4.11759,4.14,1
FRED,2025-12-12,2025-11-24,4.1122108,3.9340725,4.11759,4.19,1
FRED,2025-12-15,2025-11-24,4.122827,3.9997199,4.11759,4.18,1
FRED,2025-12-05,2025-12-04,4.0609984,4.2307935,4.1262565,4.14,1
FRED,2025-12-08,2025-12-04,4.1065106,4.018018,4.1262565,4.17,1
FRED,2025-12-09,2025-12-04,4.0465627,4.1510243,4.1262565,4.18,1
FRED,2025-12-10,2025-12-04,4.118326,4.221306,4.1262565,4.13,1
FRED,2025-12-11,2025-12-04,4.0881753,4.0443816,4.1262565,4.14,1
FRED,2025-12-12,2025-12-04,4.03888,4.0681086,4.1262565,4.19,1
FRED,2025-12-15,2025-12-04,4.051313,4.032729,4.1262565,4.18,1
FRED,2025-12-16,2025-12-04,4.091173,4.016826,4.1262565,4.15,1
FRED,2025-12-17,2025-12-04,4.073526,4.008683,4.1262565,4.16,1
FRED,2025-12-18,2025-12-04,4.0781894,3.9864814,4.1262565,4.12,1
FRED,2025-12-19,2025-12-04,4.0687165,3.9746008,4.1262565,4.16,1
FRED,2025-12-22,2025-12-04,4.089773,3.9678695,4.1262565,4.17,1
FRED,2025-12-23,2025-12-04,4.062169,3.989541,4.1262565,4.18,1
FRED,2025-12-24,2025-12-04,4.089139,4.124469,4.1262565,4.15,1
FRED,2025-12-16,2025-12-15,4.1800747,4.2105093,4.1575904,4.15,1
FRED,2025-12-17,2025-12-15,4.1903534,4.2264667,4.1575904,4.16,1
FRED,2025-12-18,2025-12-15,4.21299,4.2412415,4.1575904,4.12,1
FRED,2025-12-19,2025-12-15,4.190628,4.25422,4.1575904,4.16,1
FRED,2025-12-22,2025-12-15,4.1913204,4.2610984,4.1575904,4.17,1
FRED,2025-12-23,2025-12-15,4.190486,4.2759013,4.1575904,4.18,1
FRED,2025-12-24,2025-12-15,4.19331,4.284703,4.1575904,4.15,1
FRED,2025-12-26,2025-12-15,4.2362494,4.2638235,4.1575904,4.14,1
FRED,2025-12-29,2025-12-15,4.166669,4.241574,4.1575904,4.12,1
FRED,2025-12-30,2025-12-15,4.223245,4.2371635,4.1575904,4.14,1
FRED,2025-12-31,2025-12-15,4.208925,4.2203794,4.1575904,4.18,1
FRED,2026-01-02,2025-12-15,4.212643,4.185541,4.1575904,4.19,1
FRED,2026-01-05,2025-12-15,4.219742,4.1601944,4.1575904,4.17,1
FRED,2026-01-06,2025-12-15,4.2279525,4.159415,4.1575904,4.18,1
FRED,2025-12-26,2025-12-24,4.1720634,4.2156305,4.165257,4.14,1
FRED,2025-12-29,2025-12-24,4.179,4.205813,4.165257,4.12,1
FRED,2025-12-30,2025-12-24,4.2060843,4.2051034,4.165257,4.14,1
FRED,2025-12-31,2025-12-24,4.153197,4.213125,4.165257,4.18,1
FRED,2026-01-02,2025-12-24,4.195449,4.216864,4.165257,4.19,1
FRED,2026-01-05,2025-12-24,4.233328,4.226269,4.165257,4.17,1
FRED,2026-01-06,2025-12-24,4.2210503,4.2195153,4.165257,4.18,1
FRED,2026-01-07,2025-12-24,4.1750617,4.2217307,4.165257,4.15,1
FRED,2026-01-08,2025-12-24,4.2186356,4.2410164,4.165257,4.19,1
FRED,2026-01-09,2025-12-24,4.2213144,4.256459,4.165257,4.18,1
FRED,2026-01-12,2025-12-24,4.1993794,4.2749977,4.165257,4.19,1
FRED,2026-01-13,2025-12-24,4.1833863,4.2863064,4.165257,4.18,1
FRED,2026-01-14,2025-12-24,4.197628,4.284291,4.165257,4.15,1
FRED,2026-01-15,2025-12-24,4.189995,4.2850924,4.165257,4.17,1
FRED,2026-01-07,2026-01-06,4.2048726,4.1678944,4.17559,4.15,1
FRED,2026-01-08,2026-01-06,4.221289,4.1682615,4.17559,4.19,1
FRED,2026-01-09,2026-01-06,4.2056656,4.1629663,4.17559,4.18,1
FRED,2026-01-12,2026-01-06,4.2118917,4.135848,4.17559,4.19,1
FRED,2026-01-13,2026-01-06,4.220557,4.1151276,4.17559,4.18,1
FRED,2026-01-14,2026-01-06,4.2200994,4.0915937,4.17559,4.15,1
FRED,2026-01-15,2026-01-06,4.233708,4.0943294,4.17559,4.17,1
FRED,2026-01-16,2026-01-06,4.2150145,4.1073236,4.17559,4.24,1
FRED,2026-01-20,2026-01-06,4.223919,4.1293488,4.17559,4.3,1
FRED,2026-01-21,2026-01-06,4.237139,4.139028,4.17559,4.26,1
FRED,2026-01-22,2026-01-06,4.2172585,4.1572194,4.17559,4.26,1
FRED,2026-01-23,2026-01-06,4.237582,4.1495366,4.17559,4.24,1
FRED,2026-01-26,2026-01-06,4.2321944,4.1648297,4.17559,4.22,1
FRED,2026-01-27,2026-01-06,4.2212024,4.219103,4.17559,4.24,1
FRED,2026-01-16,2026-01-15,4.187263,4.243041,4.2055902,4.24,1
FRED,2026-01-20,2026-01-15,4.161556,4.2517915,4.2055902,4.3,1
FRED,2026-01-21,2026-01-15,4.1822915,4.2695603,4.2055902,4.26,1
FRED,2026-01-22,2026-01-15,4.196852,4.2598524,4.2055902,4.26,1
FRED,2026-01-23,2026-01-15,4.1780972,4.2594376,4.2055902,4.24,1
FRED,2026-01-26,2026-01-15,4.200899,4.240351,4.2055902,4.22,1
FRED,2026-01-27,2026-01-15,4.2009654,4.28177,4.2055902,4.24,1
FRED,2026-01-28,2026-01-15,4.2120667,4.326052,4.2055902,4.26,1
FRED,2026-01-29,2026-01-15,4.195467,4.336416,4.2055902,4.24,1
FRED,2026-01-30,2026-01-15,4.199008,4.3206577,4.2055902,4.26,1
FRED,2026-02-02,2026-01-15,4.204388,4.3081417,4.2055902,4.29,1
FRED,2026-02-03,2026-01-15,4.200452,4.3026676,4.2055902,4.28,1
FRED,2026-02-04,2026-01-15,4.2323203,4.3719363,4.2055902,4.29,1
FRED,2026-02-05,2026-01-15,4.2370963,4.430495,4.2055902,4.21,1
FRED,2026-01-28,2026-01-27,4.205122,4.3050094,4.2332573,4.26,1
FRED,2026-01-29,2026-01-27,4.2198215,4.3059077,4.2332573,4.24,1
FRED,2026-01-30,2026-01-27,4.2168727,4.2934117,4.2332573,4.26,1
FRED,2026-02-02,2026-01-27,4.215977,4.266102,4.2332573,4.29,1
FRED,2026-02-03,2026-01-27,4.205101,4.291098,4.2332573,4.28,1
FRED,2026-02-04,2026-01-27,4.2012024,4.305707,4.2332573,4.29,1
FRED,2026-02-05,2026-01-27,4.210088,4.3089266,4.2332573,4.21,1
FRED,2026-02-06,2026-01-27,4.217245,4.3105907,4.2332573,4.22,1
FRED,2026-02-09,2026-01-27,4.1899014,4.2910757,4.2332573,4.22,1
FRED,2026-02-10,2026-01-27,4.210202,4.280518,4.2332573,4.16,1
FRED,2026-02-11,2026-01-27,4.2260313,4.298041,4.2332573,4.18,1
FRED,2026-02-12,2026-01-27,4.200789,4.339155,4.2332573,4.09,1
FRED,2026-02-13,2026-01-27,4.227897,4.3415036,4.2332573,4.04,1
FRED,2026-02-17,2026-01-27,4.21858,4.285993,4.2332573,4.05,1
FRED,2025-07-16,2025-07-15,4.472304,4.3872533,4.4299235,4.46,7
FRED,2025-07-17,2025-07-15,4.4058247,4.343636,4.4299235,4.47,7
FRED,2025-07-18,2025-07-15,4.5732813,4.381585,4.4299235,4.44,7
FRED,2025-07-21,2025-07-15,4.4417553,4.4229355,4.4299235,4.38,7
FRED,2025-07-22,2025-07-15,4.4943676,4.421243,4.4299235,4.35,7
FRED,2025-07-23,2025-07-15,4.6203833,4.4365454,4.4299235,4.4,7
FRED,2025-07-24,2025-07-15,4.587946,4.4686217,4.4299235,4.43,7
FRED,2025-07-25,2025-07-15,4.526623,4.5152473,4.4299235,4.4,7
FRED,2025-07-28,2025-07-15,4.6039867,4.532066,4.4299235,4.42,7
FRED,2025-07-29,2025-07-15,4.6175776,4.5447483,4.4299235,4.34,7
FRED,2025-07-30,2025-07-15,4.5357704,4.554181,4.4299235,4.38,7
FRED,2025-07-31,2025-07-15,4.524632,4.5361357,4.4299235,4.37,7
FRED,2025-08-01,2025-07-15,4.589077,4.5477147,4.4299235,4.23,7
FRED,2025-08-04,2025-07-15,4.545954,4.6199636,4.4299235,4.22,7
FRED,2025-07-25,2025-07-24,4.478286,4.465309,4.422257,4.4,7
FRED,2025-07-28,2025-07-24,4.4883027,4.458807,4.422257,4.42,7
FRED,2025-07-29,2025-07-24,4.474582,4.4764104,4.422257,4.34,7
FRED,2025-07-30,2025-07-24,4.5613675,4.492395,4.422257,4.38,7
FRED,2025-07-31,2025-07-24,4.5254407,4.4898376,4.422257,4.37,7
FRED,2025-08-01,2025-07-24,4.4884787,4.466087,4.422257,4.23,7
FRED,2025-08-04,2025-07-24,4.5203924,4.4413233,4.422257,4.22,7
FRED,2025-08-05,2025-07-24,4.5787716,4.4283,4.422257,4.22,7
FRED,2025-08-06,2025-07-24,4.5228853,4.4260426,4.422257,4.22,7
FRED,2025-08-07,2025-07-24,4.5485473,4.437264,4.422257,4.23,7
FRED,2025-08-08,2025-07-24,4.544577,4.4687667,4.422257,4.27,7
FRED,2025-08-11,2025-07-24,4.5573044,4.454713,4.422257,4.27,7
FRED,2025-08-12,2025-07-24,4.667378,4.4523363,4.422257,4.29,7
FRED,2025-08-13,2025-07-24,4.634736,4.4540443,4.422257,4.24,7
FRED,2025-08-05,2025-08-04,4.331746,4.2666287,4.407924,4.22,7
FRED,2025-08-06,2025-08-04,4.3019137,4.312047,4.407924,4.22,7
FRED,2025-08-07,2025-08-04,4.2993426,4.3047986,4.407924,4.23,7
FRED,2025-08-08,2025-08-04,4.293886,4.3343563,4.407924,4.27,7
FRED,2025-08-11,2025-08-04,4.3434663,4.4176936,4.407924,4.27,7
FRED,2025-08-12,2025-08-04,4.3437614,4.427944,4.407924,4.29,7
FRED,2025-08-13,2025-08-04,4.3811336,4.4651833,4.407924,4.24,7
FRED,2025-08-14,2025-08-04,4.352307,4.413128,4.407924,4.29,7
FRED,2025-08-15,2025-08-04,4.36028,4.433777,4.407924,4.33,7
FRED,2025-08-18,2025-08-04,4.35163,4.417847,4.407924,4.34,7
FRED,2025-08-19,2025-08-04,4.3698626,4.4094043,4.407924,4.3,7
FRED,2025-08-20,2025-08-04,4.3519897,4.485807,4.407924,4.29,7
FRED,2025-08-21,2025-08-04,4.394966,4.5795455,4.407924,4.33,7
FRED,2025-08-22,2025-08-04,4.3838286,4.6298237,4.407924,4.26,7
FRED,2025-08-14,2025-08-13,4.224369,4.3073893,4.399924,4.29,7
FRED,2025-08-15,2025-08-13,4.2298484,4.338518,4.399924,4.33,7
FRED,2025-08-18,2025-08-13,4.267502,4.2884674,4.399924,4.34,7
FRED,2025-08-19,2025-08-13,4.215818,4.2807894,4.399924,4.3,7
FRED,2025-08-20,2025-08-13,4.218797,4.280036,4.399924,4.29,7
FRED,2025-08-21,2025-08-13,4.2419486,4.283772,4.399924,4.33,7
FRED,2025-08-22,2025-08-13,4.234178,4.2797136,4.399924,4.26,7
FRED,2025-08-25,2025-08-13,4.2216387,4.231486,4.399924,4.28,7
FRED,2025-08-26,2025-08-13,4.22763,4.268941,4.399924,4.26,7
FRED,2025-08-27,2025-08-13,4.2441044,4.2655725,4.399924,4.24,7
FRED,2025-08-28,2025-08-13,4.2165933,4.174144,4.399924,4.22,7
FRED,2025-08-29,2025-08-13,4.2085032,4.097796,4.399924,4.23,7
FRED,2025-09-02,2025-08-13,4.198453,4.0999594,4.399924,4.28,7
FRED,2025-09-03,2025-08-13,4.1825027,4.113757,4.399924,4.22,7
FRED,2025-08-25,2025-08-22,4.296554,4.492339,4.3849235,4.28,7
FRED,2025-08-26,2025-08-22,4.3205404,4.534022,4.3849235,4.26,7
FRED,2025-08-27,2025-08-22,4.307543,4.4982934,4.3849235,4.24,7
FRED,2025-08-28,2025-08-22,4.31347,4.488583,4.3849235,4.22,7
FRED,2025-08-29,2025-08-22,4.3363485,4.5223074,4.3849235,4.23,7
FRED,2025-09-02,2025-08-22,4.344217,4.5283656,4.3849235,4.28,7
FRED,2025-09-03,2025-08-22,4.316823,4.5078354,4.3849235,4.22,7
FRED,2025-09-04,2025-08-22,4.380899,4.5546002,4.3849235,4.17,7
FRED,2025-09-05,2025-08-22,4.326831,4.558174,4.3849235,4.1,7
FRED,2025-09-08,2025-08-22,4.397318,4.517311,4.3849235,4.05,7
FRED,2025-09-09,2025-08-22,4.3501196,4.516444,4.3849235,4.08,7
FRED,2025-09-10,2025-08-22,4.334658,4.405604,4.3849235,4.04,7
FRED,2025-09-11,2025-08-22,4.292857,4.364558,4.3849235,4.01,7
FRED,2025-09-12,2025-08-22,4.317935,4.253618,4.3849235,4.06,7
FRED,2025-09-04,2025-09-03,4.2841005,4.1187053,4.34159,4.17,7
FRED,2025-09-05,2025-09-03,4.2682567,4.168031,4.34159,4.1,7
FRED,2025-09-08,2025-09-03,4.2955046,4.1566205,4.34159,4.05,7
FRED,2025-09-09,2025-09-03,4.278959,4.157791,4.34159,4.08,7
FRED,2025-09-10,2025-09-03,4.323813,4.1555185,4.34159,4.04,7
FRED,2025-09-11,2025-09-03,4.347112,4.163944,4.34159,4.01,7
FRED,2025-09-12,2025-09-03,4.302764,4.183858,4.34159,4.06,7
FRED,2025-09-15,2025-09-03,4.345604,4.221848,4.34159,4.05,7
FRED,2025-09-16,2025-09-03,4.335822,4.3054824,4.34159,4.04,7
FRED,2025-09-17,2025-09-03,4.3460255,4.3245773,4.34159,4.06,7
FRED,2025-09-18,2025-09-03,4.3118114,4.422066,4.34159,4.11,7
FRED,2025-09-19,2025-09-03,4.340729,4.4597073,4.34159,4.14,7
FRED,2025-09-22,2025-09-03,4.3927674,4.5229373,4.34159,4.15,7
FRED,2025-09-23,2025-09-03,4.39509,4.5803204,4.34159,4.12,7
FRED,2025-09-15,2025-09-12,4.103608,4.023219,4.267257,4.05,7
FRED,2025-09-16,2025-09-12,4.1177373,4.0195327,4.267257,4.04,7
FRED,2025-09-17,2025-09-12,4.078128,3.994761,4.267257,4.06,7
FRED,2025-09-18,2025-09-12,4.100507,3.965392,4.267257,4.11,7
FRED,2025-09-19,2025-09-12,4.099846,3.9282715,4.267257,4.14,7
FRED,2025-09-22,2025-09-12,4.095656,3.8974137,4.267257,4.15,7
FRED,2025-09-23,2025-09-12,4.0978513,3.9307506,4.267257,4.12,7
FRED,2025-09-24,2025-09-12,4.09389,4.0010056,4.267257,4.16,7
FRED,2025-09-25,2025-09-12,4.0911694,4.096295,4.267257,4.18,7
FRED,2025-09-26,2025-09-12,4.0966635,4.11708,4.267257,4.2,7
FRED,2025-09-29,2025-09-12,4.0894475,4.1067376,4.267257,4.15,7
FRED,2025-09-30,2025-09-12,4.078925,3.9354446,4.267257,4.16,7
FRED,2025-10-01,2025-09-12,4.0787816,4.042414,4.267257,4.12,7
FRED,2025-10-02,2025-09-12,4.09561,4.1518707,4.267257,4.1,7
FRED,2025-09-24,2025-09-23,4.1361713,4.165484,4.234257,4.16,7
FRED,2025-09-25,2025-09-23,4.1361394,4.205136,4.234257,4.18,7
FRED,2025-09-26,2025-09-23,4.144325,4.236838,4.234257,4.2,7
FRED,2025-09-29,2025-09-23,4.1288853,4.2336054,4.234257,4.15,7
FRED,2025-09-30,2025-09-23,4.132951,4.2115917,4.234257,4.16,7
FRED,2025-10-01,2025-09-23,4.1610613,4.186839,4.234257,4.12,7
FRED,2025-10-02,2025-09-23,4.1455264,4.1762,4.234257,4.1,7
FRED,2025-10-03,2025-09-23,4.1017222,4.1688504,4.234257,4.13,7
FRED,2025-10-06,2025-09-23,4.1519227,4.1436176,4.234257,4.18,7
FRED,2025-10-07,2025-09-23,4.1462684,4.109725,4.234257,4.14,7
FRED,2025-10-08,2025-09-23,4.167742,4.0353436,4.234257,4.13,7
FRED,2025-10-09,2025-09-23,4.14498,4.004393,4.234257,4.14,7
FRED,2025-10-10,2025-09-23,4.1248016,3.9640238,4.234257,4.05,7
FRED,2025-10-14,2025-09-23,4.1204085,3.9302714,4.234257,4.03,7
FRED,2025-10-03,2025-10-02,4.2232375,4.2089634,4.2005906,4.13,7
FRED,2025-10-06,2025-10-02,4.2794785,4.2286215,4.2005906,4.18,7
FRED,2025-10-07,2025-10-02,4.2143097,4.2598786,4.2005906,4.14,7
FRED,2025-10-08,2025-10-02,4.3220224,4.312198,4.2005906,4.13,7
FRED,2025-10-09,2025-10-02,4.348744,4.3525486,4.2005906,4.14,7
FRED,2025-10-10,2025-10-02,4.3228183,4.3837194,4.2005906,4.05,7
FRED,2025-10-14,2025-10-02,4.3217196,4.402749,4.2005906,4.03,7
FRED,2025-10-15,2025-10-02,4.3719735,4.4043317,4.2005906,4.05,7
FRED,2025-10-16,2025-10-02,4.3819866,4.39407,4.2005906,3.99,7
FRED,2025-10-17,2025-10-02,4.3752756,4.396188,4.2005906,4.02,7
FRED,2025-10-20,2025-10-02,4.4244785,4.4232883,4.2005906,4.0,7
FRED,2025-10-21,2025-10-02,4.439625,4.431584,4.2005906,3.98,7
FRED,2025-10-22,2025-10-02,4.4157734,4.3211827,4.2005906,3.97,7
FRED,2025-10-23,2025-10-02,4.4340386,4.168792,4.2005906,4.01,7
FRED,2025-10-15,2025-10-14,4.1126995,3.9526865,4.16659,4.05,7
FRED,2025-10-16,2025-10-14,4.093651,3.9498606,4.16659,3.99,7
FRED,2025-10-17,2025-10-14,4.200129,3.9240146,4.16659,4.02,7
FRED,2025-10-20,2025-10-14,4.1642222,3.96935,4.16659,4.0,7
FRED,2025-10-21,2025-10-14,4.28062,4.0578885,4.16659,3.98,7
FRED,2025-10-22,2025-10-14,4.2467117,4.121633,4.16659,3.97,7
FRED,2025-10-23,2025-10-14,4.188424,4.1085563,4.16659,4.01,7
FRED,2025-10-24,2025-10-14,4.2477975,4.143823,4.16659,4.02,7
FRED,2025-10-27,2025-10-14,4.2963037,4.212323,4.16659,4.01,7
FRED,2025-10-28,2025-10-14,4.278849,4.3074946,4.16659,3.99,7
FRED,2025-10-29,2025-10-14,4.3395896,4.3845544,4.16659,4.08,7
FRED,2025-10-30,2025-10-14,4.325358,4.4522133,4.16659,4.11,7
FRED,2025-10-31,2025-10-14,4.3177695,4.5094175,4.16659,4.11,7
FRED,2025-11-03,2025-10-14,4.3589053,4.4995,4.16659,4.13,7
FRED,2025-10-24,2025-10-23,4.009009,3.8575754,4.135924,4.02,7
FRED,2025-10-27,2025-10-23,4.018875,3.8926353,4.135924,4.01,7
FRED,2025-10-28,2025-10-23,4.0004644,4.0244713,4.135924,3.99,7
FRED,2025-10-29,2025-10-23,4.042661,4.0255,4.135924,4.08,7
FRED,2025-10-30,2025-10-23,4.0245757,3.9695654,4.135924,4.11,7
FRED,2025-10-31,2025-10-23,3.9927053,3.9564407,4.135924,4.11,7
FRED,2025-11-03,2025-10-23,3.9759822,3.9834185,4.135924,4.13,7
FRED,2025-11-04,2025-10-23,3.997565,4.0458183,4.135924,4.1,7
FRED,2025-11-05,2025-10-23,4.0064015,4.1645007,4.135924,4.17,7
FRED,2025-11-06,2025-10-23,3.9974089,4.2051105,4.135924,4.11,7
FRED,2025-11-07,2025-10-23,4.0072565,4.0599117,4.135924,4.11,7
FRED,2025-11-10,2025-10-23,4.0028152,4.0584893,4.135924,4.13,7
FRED,2025-11-12,2025-10-23,3.9860032,4.0414515,4.135924,4.08,7
FRED,2025-11-13,2025-10-23,4.0070415,4.21362,4.135924,4.11,7
FRED,2025-11-04,2025-11-03,4.1768694,4.1205006,4.1352572,4.1,7
FRED,2025-11-05,2025-11-03,4.127435,4.0950627,4.1352572,4.17,7
FRED,2025-11-06,2025-11-03,4.174805,4.133942,4.1352572,4.11,7
FRED,2025-11-07,2025-11-03,4.1261744,4.2596254,4.1352572,4.11,7
FRED,2025-11-10,2025-11-03,4.181195,4.217661,4.1352572,4.13,7
FRED,2025-11-12,2025-11-03,4.2227073,4.199936,4.1352572,4.08,7
FRED,2025-11-13,2025-11-03,4.1913824,4.037014,4.1352572,4.11,7
FRED,2025-11-14,2025-11-03,4.124241,4.033409,4.1352572,4.14,7
FRED,2025-11-17,2025-11-03,4.1696362,4.0535564,4.1352572,4.13,7
FRED,2025-11-18,2025-11-03,4.16431,4.062275,4.1352572,4.12,7
FRED,2025-11-19,2025-11-03,4.157971,4.0606723,4.1352572,4.13,7
FRED,2025-11-20,2025-11-03,4.1388154,4.0559998,4.1352572,4.1,7
FRED,2025-11-21,2025-11-03,4.1759524,4.0475454,4.1352572,4.06,7
FRED,2025-11-24,2025-11-03,4.2190557,4.0864716,4.1352572,4.04,7
FRED,2025-11-14,2025-11-13,4.1743546,4.13502,4.124923,4.14,7
FRED,2025-11-17,2025-11-13,4.183478,4.1472774,4.124923,4.13,7
FRED,2025-11-18,2025-11-13,4.146668,4.169085,4.124923,4.12,7
FRED,2025-11-19,2025-11-13,4.1789637,4.1803126,4.124923,4.13,7
FRED,2025-11-20,2025-11-13,4.1784043,4.1877236,4.124923,4.1,7
FRED,2025-11-21,2025-11-13,4.1670184,4.198814,4.124923,4.06,7
FRED,2025-11-24,2025-11-13,4.2226524,4.2087464,4.124923,4.04,7
FRED,2025-11-25,2025-11-13,4.25043,4.211493,4.124923,4.01,7
FRED,2025-11-26,2025-11-13,4.207146,4.198802,4.124923,4.0,7
FRED,2025-11-28,2025-11-13,4.2639136,4.2040715,4.124923,4.02,7
FRED,2025-12-01,2025-11-13,4.259432,4.21534,4.124923,4.09,7
FRED,2025-12-02,2025-11-13,4.273683,4.2252245,4.124923,4.09,7
FRED,2025-12-03,2025-11-13,4.3334923,4.243683,4.124923,4.06,7
FRED,2025-12-04,2025-11-13,4.2958064,4.1820154,4.124923,4.11,7
FRED,2025-11-25,2025-11-24,4.0958595,4.228004,4.11759,4.01,7
FRED,2025-11-26,2025-11-24,4.1021867,4.231247,4.11759,4.0,7
FRED,2025-11-28,2025-11-24,4.075714,4.211923,4.11759,4.02,7
FRED,2025-12-01,2025-11-24,4.0822344,4.20332,4.11759,4.09,7
FRED,2025-12-02,2025-11-24,4.1069655,4.13685,4.11759,4.09,7
FRED,2025-12-03,2025-11-24,4.110686,4.0726957,4.11759,4.06,7
FRED,2025-12-04,2025-11-24,4.121323,4.136981,4.11759,4.11,7
FRED,2025-12-05,2025-11-24,4.1125927,4.0530915,4.11759,4.14,7
FRED,2025-12-08,2025-11-24,4.107906,4.028316,4.11759,4.17,7
FRED,2025-12-09,2025-11-24,4.1219687,4.047053,4.11759,4.18,7
FRED,2025-12-10,2025-11-24,4.1114554,4.0803123,4.11759,4.13,7
FRED,2025-12-11,2025-11-24,4.1265187,3.954643,4.11759,4.14,7
FRED,2025-12-12,2025-11-24,4.1260734,3.9387276,4.11759,4.19,7
FRED,2025-12-15,2025-11-24,4.138052,4.004732,4.11759,4.18,7
FRED,2025-12-05,2025-12-04,4.069969,4.232883,4.1262565,4.14,7
FRED,2025-12-08,2025-12-04,4.1178803,4.0078917,4.1262565,4.17,7
FRED,2025-12-09,2025-12-04,4.0652857,4.13755,4.1262565,4.18,7
FRED,2025-12-10,2025-12-04,4.1348186,4.1825013,4.1262565,4.13,7
FRED,2025-12-11,2025-12-04,4.0976152,4.039571,4.1262565,4.14,7
FRED,2025-12-12,2025-12-04,4.0538507,4.076234,4.1262565,4.19,7
FRED,2025-12-15,2025-12-04,4.071574,4.035641,4.1262565,4.18,7
FRED,2025-12-16,2025-12-04,4.1091256,4.0183287,4.1262565,4.15,7
FRED,2025-12-17,2025-12-04,4.0936813,4.00923,4.1262565,4.16,7
FRED,2025-12-18,2025-12-04,4.0993586,3.982996,4.1262565,4.12,7
FRED,2025-12-19,2025-12-04,4.098035,3.9494019,4.1262565,4.16,7
FRED,2025-12-22,2025-12-04,4.1088576,3.9697692,4.1262565,4.17,7
FRED,2025-12-23,2025-12-04,4.0733857,4.010529,4.1262565,4.18,7
FRED,2025-12-24,2025-12-04,4.110013,4.1392984,4.1262565,4.15,7
FRED,2025-12-16,2025-12-15,4.188198,4.202637,4.1575904,4.15,7
FRED,2025-12-17,2025-12-15,4.1943507,4.2279434,4.1575904,4.16,7
FRED,2025-12-18,2025-12-15,4.21229,4.2464776,4.1575904,4.12,7
FRED,2025-12-19,2025-12-15,4.1994495,4.2448106,4.1575904,4.16,7
FRED,2025-12-22,2025-12-15,4.198458,4.248914,4.1575904,4.17,7
FRED,2025-12-23,2025-12-15,4.206495,4.245835,4.1575904,4.18,7
FRED,2025-12-24,2025-12-15,4.206466,4.244817,4.1575904,4.15,7
FRED,2025-12-26,2025-12-15,4.252278,4.236453,4.1575904,4.14,7
FRED,2025-12-29,2025-12-15,4.184771,4.206432,4.1575904,4.12,7
FRED,2025-12-30,2025-12-15,4.2381983,4.1812396,4.1575904,4.14,7
FRED,2025-12-31,2025-12-15,4.221517,4.176083,4.1575904,4.18,7
FRED,2026-01-02,2025-12-15,4.2179966,4.14421,4.1575904,4.19,7
FRED,2026-01-05,2025-12-15,4.227429,4.0847206,4.1575904,4.17,7
FRED,2026-01-06,2025-12-15,4.2363386,4.0758123,4.1575904,4.18,7
FRED,2025-12-26,2025-12-24,4.176395,4.2137637,4.165257,4.14,7
FRED,2025-12-29,2025-12-24,4.1755204,4.203859,4.165257,4.12,7
FRED,2025-12-30,2025-12-24,4.2048936,4.2035656,4.165257,4.14,7
FRED,2025-12-31,2025-12-24,4.151965,4.212182,4.165257,4.18,7
FRED,2026-01-02,2025-12-24,4.193602,4.21655,4.165257,4.19,7
FRED,2026-01-05,2025-12-24,4.247544,4.2244744,4.165257,4.17,7
FRED,2026-01-06,2025-12-24,4.229454,4.2174067,4.165257,4.18,7
FRED,2026-01-07,2025-12-24,4.1842947,4.21968,4.165257,4.15,7
FRED,2026-01-08,2025-12-24,4.223011,4.239121,4.165257,4.19,7
FRED,2026-01-09,2025-12-24,4.2372994,4.253942,4.165257,4.18,7
FRED,2026-01-12,2025-12-24,4.206281,4.271249,4.165257,4.19,7
FRED,2026-01-13,2025-12-24,4.1854496,4.2811465,4.165257,4.18,7
FRED,2026-01-14,2025-12-24,4.2057776,4.2798076,4.165257,4.15,7
FRED,2026-01-15,2025-12-24,4.185668,4.281826,4.165257,4.17,7
FRED,2026-01-07,2026-01-06,4.209066,4.1503716,4.17559,4.15,7
FRED,2026-01-08,2026-01-06,4.224877,4.1622243,4.17559,4.19,7
FRED,2026-01-09,2026-01-06,4.211325,4.1781697,4.17559,4.18,7
FRED,2026-01-12,2026-01-06,4.2244124,4.170182,4.17559,4.19,7
FRED,2026-01-13,2026-01-06,4.233603,4.1415906,4.17559,4.18,7
FRED,2026-01-14,2026-01-06,4.231826,4.1392336,4.17559,4.15,7
FRED,2026-01-15,2026-01-06,4.2403255,4.1531496,4.17559,4.17,7
FRED,2026-01-16,2026-01-06,4.222529,4.171176,4.17559,4.24,7
FRED,2026-01-20,2026-01-06,4.237709,4.2016087,4.17559,4.3,7
FRED,2026-01-21,2026-01-06,4.242786,4.2160444,4.17559,4.26,7
FRED,2026-01-22,2026-01-06,4.232097,4.215711,4.17559,4.26,7
FRED,2026-01-23,2026-01-06,4.2494144,4.2172275,4.17559,4.24,7
FRED,2026-01-26,2026-01-06,4.245346,4.2545433,4.17559,4.22,7
FRED,2026-01-27,2026-01-06,4.243016,4.2949214,4.17559,4.24,7
FRED,2026-01-16,2026-01-15,4.1953316,4.2764187,4.2055902,4.24,7
FRED,2026-01-20,2026-01-15,4.1653824,4.2815866,4.2055902,4.3,7
FRED,2026-01-21,2026-01-15,4.186329,4.2935324,4.2055902,4.26,7
FRED,2026-01-22,2026-01-15,4.1979194,4.297314,4.2055902,4.26,7
FRED,2026-01-23,2026-01-15,4.184023,4.282186,4.2055902,4.24,7
FRED,2026-01-26,2026-01-15,4.211971,4.2257667,4.2055902,4.22,7
FRED,2026-01-27,2026-01-15,4.214522,4.2471766,4.2055902,4.24,7
FRED,2026-01-28,2026-01-15,4.2238503,4.303906,4.2055902,4.26,7
FRED,2026-01-29,2026-01-15,4.206277,4.323485,4.2055902,4.24,7
FRED,2026-01-30,2026-01-15,4.210241,4.3252897,4.2055902,4.26,7
FRED,2026-02-02,2026-01-15,4.21529,4.275331,4.2055902,4.29,7
FRED,2026-02-03,2026-01-15,4.207595,4.250965,4.2055902,4.28,7
FRED,2026-02-04,2026-01-15,4.234274,4.2460146,4.2055902,4.29,7
FRED,2026-02-05,2026-01-15,4.237079,4.3470964,4.2055902,4.21,7
FRED,2026-01-28,2026-01-27,4.199313,4.297887,4.2332573,4.26,7
FRED,2026-01-29,2026-01-27,4.2132425,4.2944345,4.2332573,4.24,7
FRED,2026-01-30,2026-01-27,4.214363,4.2822957,4.2332573,4.26,7
FRED,2026-02-02,2026-01-27,4.2137637,4.260565,4.2332573,4.29,7
FRED,2026-02-03,2026-01-27,4.205595,4.2879715,4.2332573,4.28,7
FRED,2026-02-04,2026-01-27,4.1933703,4.304474,4.2332573,4.29,7
FRED,2026-02-05,2026-01-27,4.207484,4.311713,4.2332573,4.21,7
FRED,2026-02-06,2026-01-27,4.2158084,4.3184314,4.2332573,4.22,7
FRED,2026-02-09,2026-01-27,4.1879067,4.303827,4.2332573,4.22,7
FRED,2026-02-10,2026-01-27,4.207949,4.295607,4.2332573,4.16,7
FRED,2026-02-11,2026-01-27,4.224159,4.3121867,4.2332573,4.18,7
FRED,2026-02-12,2026-01-27,4.205325,4.354197,4.2332573,4.09,7
FRED,2026-02-13,2026-01-27,4.217114,4.352009,4.2332573,4.04,7
FRED,2026-02-17,2026-01-27,4.2126503,4.294752,4.2332573,4.05,7
FRED,2025-07-16,2025-07-15,4.4856052,4.345112,4.4299235,4.46,42
FRED,2025-07-17,2025-07-15,4.4157434,4.3403177,4.4299235,4.47,42
FRED,2025-07-18,2025-07-15,4.5932617,4.38703,4.4299235,4.44,42
FRED,2025-07-21,2025-07-15,4.451995,4.413192,4.4299235,4.38,42
FRED,2025-07-22,2025-07-15,4.518281,4.41748,4.4299235,4.35,42
FRED,2025-07-23,2025-07-15,4.64495,4.4421344,4.4299235,4.4,42
FRED,2025-07-24,2025-07-15,4.599188,4.470245,4.4299235,4.43,42
FRED,2025-07-25,2025-07-15,4.5439954,4.4988494,4.4299235,4.4,42
FRED,2025-07-28,2025-07-15,4.6218634,4.517666,4.4299235,4.42,42
FRED,2025-07-29,2025-07-15,4.65137,4.5366435,4.4299235,4.34,42
FRED,2025-07-30,2025-07-15,4.56017,4.5525503,4.4299235,4.38,42
FRED,2025-07-31,2025-07-15,4.5439262,4.5513587,4.4299235,4.37,42
FRED,2025-08-01,2025-07-15,4.6043406,4.558092,4.4299235,4.23,42
FRED,2025-08-04,2025-07-15,4.555716,4.5901413,4.4299235,4.22,42
FRED,2025-07-25,2025-07-24,4.4799843,4.45218,4.422257,4.4,42
FRED,2025-07-28,2025-07-24,4.4931827,4.4618273,4.422257,4.42,42
FRED,2025-07-29,2025-07-24,4.474835,4.4786677,4.422257,4.34,42
FRED,2025-07-30,2025-07-24,4.589497,4.4934397,4.422257,4.38,42
FRED,2025-07-31,2025-07-24,4.5215607,4.4968767,4.422257,4.37,42
FRED,2025-08-01,2025-07-24,4.4860406,4.4852424,4.422257,4.23,42
FRED,2025-08-04,2025-07-24,4.517497,4.4566913,4.422257,4.22,42
FRED,2025-08-05,2025-07-24,4.5968175,4.435959,4.422257,4.22,42
FRED,2025-08-06,2025-07-24,4.5082703,4.4250784,4.422257,4.22,42
FRED,2025-08-07,2025-07-24,4.555451,4.425038,4.422257,4.23,42
FRED,2025-08-08,2025-07-24,4.5523105,4.431152,4.422257,4.27,42
FRED,2025-08-11,2025-07-24,4.570669,4.4313307,4.422257,4.27,42
FRED,2025-08-12,2025-07-24,4.6801476,4.435536,4.422257,4.29,42
FRED,2025-08-13,2025-07-24,4.649796,4.4448247,4.422257,4.24,42
FRED,2025-08-05,2025-08-04,4.327647,4.3328624,4.407924,4.22,42
FRED,2025-08-06,2025-08-04,4.2978,4.3484316,4.407924,4.22,42
FRED,2025-08-07,2025-08-04,4.310905,4.3162155,4.407924,4.23,42
FRED,2025-08-08,2025-08-04,4.2858853,4.345313,4.407924,4.27,42
FRED,2025-08-11,2025-08-04,4.356706,4.3968387,4.407924,4.27,42
FRED,2025-08-12,2025-08-04,4.383119,4.385091,4.407924,4.29,42
FRED,2025-08-13,2025-08-04,4.4228163,4.3653936,4.407924,4.24,42
FRED,2025-08-14,2025-08-04,4.3833,4.367675,4.407924,4.29,42
FRED,2025-08-15,2025-08-04,4.3857574,4.35236,4.407924,4.33,42
FRED,2025-08-18,2025-08-04,4.395866,4.325494,4.407924,4.34,42
FRED,2025-08-19,2025-08-04,4.4076624,4.3192215,4.407924,4.3,42
FRED,2025-08-20,2025-08-04,4.3852634,4.376523,4.407924,4.29,42
FRED,2025-08-21,2025-08-04,4.4258513,4.4227285,4.407924,4.33,42
FRED,2025-08-22,2025-08-04,4.411122,4.5068073,4.407924,4.26,42
FRED,2025-08-14,2025-08-13,4.2313647,4.3166523,4.399924,4.29,42
FRED,2025-08-15,2025-08-13,4.243479,4.350173,4.399924,4.33,42
FRED,2025-08-18,2025-08-13,4.257525,4.29811,4.399924,4.34,42
FRED,2025-08-19,2025-08-13,4.234238,4.2815123,4.399924,4.3,42
FRED,2025-08-20,2025-08-13,4.230479,4.2796645,4.399924,4.29,42
FRED,2025-08-21,2025-08-13,4.2587314,4.2878256,4.399924,4.33,42
FRED,2025-08-22,2025-08-13,4.2525215,4.283263,4.399924,4.26,42
FRED,2025-08-25,2025-08-13,4.2340865,4.2276516,4.399924,4.28,42
FRED,2025-08-26,2025-08-13,4.240474,4.2746787,4.399924,4.26,42
FRED,2025-08-27,2025-08-13,4.251863,4.288121,4.399924,4.24,42
FRED,2025-08-28,2025-08-13,4.220417,4.1983843,4.399924,4.22,42
FRED,2025-08-29,2025-08-13,4.2166443,4.1533265,4.399924,4.23,42
FRED,2025-09-02,2025-08-13,4.2222347,4.15595,4.399924,4.28,42
FRED,2025-09-03,2025-08-13,4.1906433,4.16649,4.399924,4.22,42
FRED,2025-08-25,2025-08-22,4.3033934,4.475232,4.3849235,4.28,42
FRED,2025-08-26,2025-08-22,4.310909,4.5087647,4.3849235,4.26,42
FRED,2025-08-27,2025-08-22,4.32759,4.5114965,4.3849235,4.24,42
FRED,2025-08-28,2025-08-22,4.314383,4.5167923,4.3849235,4.22,42
FRED,2025-08-29,2025-08-22,4.347577,4.524252,4.3849235,4.23,42
FRED,2025-09-02,2025-08-22,4.365116,4.530226,4.3849235,4.28,42
FRED,2025-09-03,2025-08-22,4.3337407,4.5390697,4.3849235,4.22,42
FRED,2025-09-04,2025-08-22,4.410435,4.5674176,4.3849235,4.17,42
FRED,2025-09-05,2025-08-22,4.3444967,4.5672073,4.3849235,4.1,42
FRED,2025-09-08,2025-08-22,4.4317584,4.533344,4.3849235,4.05,42
FRED,2025-09-09,2025-08-22,4.3721023,4.505909,4.3849235,4.08,42
FRED,2025-09-10,2025-08-22,4.3646026,4.4716096,4.3849235,4.04,42
FRED,2025-09-11,2025-08-22,4.3158464,4.418398,4.3849235,4.01,42
FRED,2025-09-12,2025-08-22,4.352733,4.2719274,4.3849235,4.06,42
FRED,2025-09-04,2025-09-03,4.275687,4.183688,4.34159,4.17,42
FRED,2025-09-05,2025-09-03,4.259522,4.1594224,4.34159,4.1,42
FRED,2025-09-08,2025-09-03,4.283815,4.1296515,4.34159,4.05,42
FRED,2025-09-09,2025-09-03,4.291132,4.105236,4.34159,4.08,42
FRED,2025-09-10,2025-09-03,4.3402843,4.092425,4.34159,4.04,42
FRED,2025-09-11,2025-09-03,4.352757,4.080918,4.34159,4.01,42
FRED,2025-09-12,2025-09-03,4.317757,4.1737647,4.34159,4.06,42
FRED,2025-09-15,2025-09-03,4.3716254,4.337723,4.34159,4.05,42
FRED,2025-09-16,2025-09-03,4.3496842,4.2922516,4.34159,4.04,42
FRED,2025-09-17,2025-09-03,4.3656554,4.2038164,4.34159,4.06,42
FRED,2025-09-18,2025-09-03,4.3421125,4.3382354,4.34159,4.11,42
FRED,2025-09-19,2025-09-03,4.3599544,4.322041,4.34159,4.14,42
FRED,2025-09-22,2025-09-03,4.410874,4.323439,4.34159,4.15,42
FRED,2025-09-23,2025-09-03,4.4270463,4.350665,4.34159,4.12,42
FRED,2025-09-15,2025-09-12,4.106997,4.0647454,4.267257,4.05,42
FRED,2025-09-16,2025-09-12,4.1237693,4.05669,4.267257,4.04,42
FRED,2025-09-17,2025-09-12,4.0778165,4.031191,4.267257,4.06,42
FRED,2025-09-18,2025-09-12,4.105727,3.994975,4.267257,4.11,42
FRED,2025-09-19,2025-09-12,4.110948,3.9481277,4.267257,4.14,42
FRED,2025-09-22,2025-09-12,4.119216,3.9040504,4.267257,4.15,42
FRED,2025-09-23,2025-09-12,4.121209,3.9147344,4.267257,4.12,42
FRED,2025-09-24,2025-09-12,4.1094093,3.9444609,4.267257,4.16,42
FRED,2025-09-25,2025-09-12,4.1140347,3.970921,4.267257,4.18,42
FRED,2025-09-26,2025-09-12,4.1142006,3.961759,4.267257,4.2,42
FRED,2025-09-29,2025-09-12,4.107805,3.9664938,4.267257,4.15,42
FRED,2025-09-30,2025-09-12,4.099087,3.9831982,4.267257,4.16,42
FRED,2025-10-01,2025-09-12,4.095739,3.9391227,4.267257,4.12,42
FRED,2025-10-02,2025-09-12,4.112105,4.1167507,4.267257,4.1,42
FRED,2025-09-24,2025-09-23,4.1757817,4.110446,4.234257,4.16,42
FRED,2025-09-25,2025-09-23,4.167924,4.128676,4.234257,4.18,42
FRED,2025-09-26,2025-09-23,4.1978993,4.1595225,4.234257,4.2,42
FRED,2025-09-29,2025-09-23,4.17934,4.172077,4.234257,4.15,42
FRED,2025-09-30,2025-09-23,4.1966257,4.151249,4.234257,4.16,42
FRED,2025-10-01,2025-09-23,4.234251,4.1498528,4.234257,4.12,42
FRED,2025-10-02,2025-09-23,4.206465,4.155409,4.234257,4.1,42
FRED,2025-10-03,2025-09-23,4.1471543,4.145883,4.234257,4.13,42
FRED,2025-10-06,2025-09-23,4.2257166,4.149625,4.234257,4.18,42
FRED,2025-10-07,2025-09-23,4.2065344,4.1565843,4.234257,4.14,42
FRED,2025-10-08,2025-09-23,4.2392006,4.1207876,4.234257,4.13,42
FRED,2025-10-09,2025-09-23,4.2122474,4.0723586,4.234257,4.14,42
FRED,2025-10-10,2025-09-23,4.192811,4.0406113,4.234257,4.05,42
FRED,2025-10-14,2025-09-23,4.189806,4.019715,4.234257,4.03,42
FRED,2025-10-03,2025-10-02,4.2393594,4.2208266,4.2005906,4.13,42
FRED,2025-10-06,2025-10-02,4.2828374,4.237071,4.2005906,4.18,42
FRED,2025-10-07,2025-10-02,4.2240677,4.2701435,4.2005906,4.14,42
FRED,2025-10-08,2025-10-02,4.342475,4.320243,4.2005906,4.13,42
FRED,2025-10-09,2025-10-02,4.373108,4.358772,4.2005906,4.14,42
FRED,2025-10-10,2025-10-02,4.343777,4.3893743,4.2005906,4.05,42
FRED,2025-10-14,2025-10-02,4.3490014,4.4075017,4.2005906,4.03,42
FRED,2025-10-15,2025-10-02,4.3992825,4.407578,4.2005906,4.05,42
FRED,2025-10-16,2025-10-02,4.411109,4.39636,4.2005906,3.99,42
FRED,2025-10-17,2025-10-02,4.4004297,4.3979206,4.2005906,4.02,42
FRED,2025-10-20,2025-10-02,4.4586062,4.424257,4.2005906,4.0,42
FRED,2025-10-21,2025-10-02,4.472747,4.4329357,4.2005906,3.98,42
FRED,2025-10-22,2025-10-02,4.451525,4.327342,4.2005906,3.97,42
FRED,2025-10-23,2025-10-02,4.479975,4.169114,4.2005906,4.01,42
FRED,2025-10-15,2025-10-14,4.098132,3.9573739,4.16659,4.05,42
FRED,2025-10-16,2025-10-14,4.097452,3.9547973,4.16659,3.99,42
FRED,2025-10-17,2025-10-14,4.1649737,3.9187534,4.16659,4.02,42
FRED,2025-10-20,2025-10-14,4.1400695,3.9367738,4.16659,4.0,42
FRED,2025-10-21,2025-10-14,4.2537966,4.0018125,4.16659,3.98,42
FRED,2025-10-22,2025-10-14,4.2048116,4.039288,4.16659,3.97,42
FRED,2025-10-23,2025-10-14,4.175846,4.0786014,4.16659,4.01,42
FRED,2025-10-24,2025-10-14,4.2324986,4.052643,4.16659,4.02,42
FRED,2025-10-27,2025-10-14,4.250158,4.1341014,4.16659,4.01,42
FRED,2025-10-28,2025-10-14,4.2540207,4.2374496,4.16659,3.99,42
FRED,2025-10-29,2025-10-14,4.3252234,4.31042,4.16659,4.08,42
FRED,2025-10-30,2025-10-14,4.30048,4.3830466,4.16659,4.11,42
FRED,2025-10-31,2025-10-14,4.2963934,4.4382997,4.16659,4.11,42
FRED,2025-11-03,2025-10-14,4.332471,4.4559984,4.16659,4.13,42
FRED,2025-10-24,2025-10-23,4.019985,3.9418323,4.135924,4.02,42
FRED,2025-10-27,2025-10-23,4.0298386,3.9191628,4.135924,4.01,42
FRED,2025-10-28,2025-10-23,3.9916291,4.023223,4.135924,3.99,42
FRED,2025-10-29,2025-10-23,4.063798,4.088294,4.135924,4.08,42
FRED,2025-10-30,2025-10-23,4.049737,4.0267377,4.135924,4.11,42
FRED,2025-10-31,2025-10-23,3.9975383,3.924897,4.135924,4.11,42
FRED,2025-11-03,2025-10-23,3.9886563,3.9397736,4.135924,4.13,42
FRED,2025-11-04,2025-10-23,4.0245147,3.971419,4.135924,4.1,42
FRED,2025-11-05,2025-10-23,4.0274153,3.995846,4.135924,4.17,42
FRED,2025-11-06,2025-10-23,4.0092826,4.008023,4.135924,4.11,42
FRED,2025-11-07,2025-10-23,4.031439,3.9409475,4.135924,4.11,42
FRED,2025-11-10,2025-10-23,4.0509615,3.9172084,4.135924,4.13,42
FRED,2025-11-12,2025-10-23,4.012244,3.8720686,4.135924,4.08,42
FRED,2025-11-13,2025-10-23,4.04553,4.026281,4.135924,4.11,42
FRED,2025-11-04,2025-11-03,4.18447,4.1078005,4.1352572,4.1,42
FRED,2025-11-05,2025-11-03,4.1492677,4.102707,4.1352572,4.17,42
FRED,2025-11-06,2025-11-03,4.1907477,4.101193,4.1352572,4.11,42
FRED,2025-11-07,2025-11-03,4.133071,4.0327053,4.1352572,4.11,42
FRED,2025-11-10,2025-11-03,4.1964707,4.0083265,4.1352572,4.13,42
FRED,2025-11-12,2025-11-03,4.241226,4.0090756,4.1352572,4.08,42
FRED,2025-11-13,2025-11-03,4.211249,4.036916,4.1352572,4.11,42
FRED,2025-11-14,2025-11-03,4.1360908,4.05862,4.1352572,4.14,42
FRED,2025-11-17,2025-11-03,4.197269,3.9392107,4.1352572,4.13,42
FRED,2025-11-18,2025-11-03,4.1931224,3.980897,4.1352572,4.12,42
FRED,2025-11-19,2025-11-03,4.187013,4.011285,4.1352572,4.13,42
FRED,2025-11-20,2025-11-03,4.1681337,4.0952396,4.1352572,4.1,42
FRED,2025-11-21,2025-11-03,4.196588,4.0941644,4.1352572,4.06,42
FRED,2025-11-24,2025-11-03,4.2487392,4.0799932,4.1352572,4.04,42
FRED,2025-11-14,2025-11-13,4.1794186,4.150569,4.124923,4.14,42
FRED,2025-11-17,2025-11-13,4.2032194,4.1670794,4.124923,4.13,42
FRED,2025-11-18,2025-11-13,4.1610875,4.188028,4.124923,4.12,42
FRED,2025-11-19,2025-11-13,4.2012615,4.202574,4.124923,4.13,42
FRED,2025-11-20,2025-11-13,4.1994605,4.211822,4.124923,4.1,42
FRED,2025-11-21,2025-11-13,4.1775613,4.2181253,4.124923,4.06,42
FRED,2025-11-24,2025-11-13,4.2307806,4.2176933,4.124923,4.04,42
FRED,2025-11-25,2025-11-13,4.26658,4.2140603,4.124923,4.01,42
FRED,2025-11-26,2025-11-13,4.223385,4.2108874,4.124923,4.0,42
FRED,2025-11-28,2025-11-13,4.275726,4.211596,4.124923,4.02,42
FRED,2025-12-01,2025-11-13,4.284037,4.2194023,4.124923,4.09,42
FRED,2025-12-02,2025-11-13,4.306517,4.236698,4.124923,4.09,42
FRED,2025-12-03,2025-11-13,4.3410335,4.252818,4.124923,4.06,42
FRED,2025-12-04,2025-11-13,4.3221374,4.171078,4.124923,4.11,42
FRED,2025-11-25,2025-11-24,4.0791044,4.258295,4.11759,4.01,42
FRED,2025-11-26,2025-11-24,4.0860486,4.2236867,4.11759,4.0,42
FRED,2025-11-28,2025-11-24,4.077739,4.215749,4.11759,4.02,42
FRED,2025-12-01,2025-11-24,4.0629764,4.2053185,4.11759,4.09,42
FRED,2025-12-02,2025-11-24,4.095205,4.15579,4.11759,4.09,42
FRED,2025-12-03,2025-11-24,4.096664,4.107725,4.11759,4.06,42
FRED,2025-12-04,2025-11-24,4.1095448,4.1688995,4.11759,4.11,42
FRED,2025-12-05,2025-11-24,4.090792,4.12697,4.11759,4.14,42
FRED,2025-12-08,2025-11-24,4.0972724,4.0465302,4.11759,4.17,42
FRED,2025-12-09,2025-11-24,4.1115437,4.0155077,4.11759,4.18,42
FRED,2025-12-10,2025-11-24,4.107067,4.138158,4.11759,4.13,42
FRED,2025-12-11,2025-11-24,4.122534,4.0223584,4.11759,4.14,42
FRED,2025-12-12,2025-11-24,4.118268,4.01492,4.11759,4.19,42
FRED,2025-12-15,2025-11-24,4.1236734,4.102875,4.11759,4.18,42
FRED,2025-12-05,2025-12-04,4.0499644,4.2486453,4.1262565,4.14,42
FRED,2025-12-08,2025-12-04,4.0928254,4.018189,4.1262565,4.17,42
FRED,2025-12-09,2025-12-04,4.028378,4.148464,4.1262565,4.18,42
FRED,2025-12-10,2025-12-04,4.1055098,4.1609364,4.1262565,4.13,42
FRED,2025-12-11,2025-12-04,4.0766335,4.0197177,4.1262565,4.14,42
FRED,2025-12-12,2025-12-04,4.036675,4.0508533,4.1262565,4.19,42
FRED,2025-12-15,2025-12-04,4.0376205,4.02639,4.1262565,4.18,42
FRED,2025-12-16,2025-12-04,4.086173,4.0166554,4.1262565,4.15,42
FRED,2025-12-17,2025-12-04,4.060315,4.015689,4.1262565,4.16,42
FRED,2025-12-18,2025-12-04,4.0796113,3.9984295,4.1262565,4.12,42
FRED,2025-12-19,2025-12-04,4.063891,3.9885328,4.1262565,4.16,42
FRED,2025-12-22,2025-12-04,4.084775,3.9692037,4.1262565,4.17,42
FRED,2025-12-23,2025-12-04,4.049875,3.9908614,4.1262565,4.18,42
FRED,2025-12-24,2025-12-04,4.0816717,4.118101,4.1262565,4.15,42
FRED,2025-12-16,2025-12-15,4.1921005,4.196438,4.1575904,4.15,42
FRED,2025-12-17,2025-12-15,4.2110076,4.205054,4.1575904,4.16,42
FRED,2025-12-18,2025-12-15,4.219632,4.2356873,4.1575904,4.12,42
FRED,2025-12-19,2025-12-15,4.2152243,4.2368655,4.1575904,4.16,42
FRED,2025-12-22,2025-12-15,4.216153,4.254126,4.1575904,4.17,42
FRED,2025-12-23,2025-12-15,4.2194567,4.2737303,4.1575904,4.18,42
FRED,2025-12-24,2025-12-15,4.222375,4.274403,4.1575904,4.15,42
FRED,2025-12-26,2025-12-15,4.2598643,4.259024,4.1575904,4.14,42
FRED,2025-12-29,2025-12-15,4.1981435,4.2471395,4.1575904,4.12,42
FRED,2025-12-30,2025-12-15,4.258338,4.2462125,4.1575904,4.14,42
FRED,2025-12-31,2025-12-15,4.243482,4.240612,4.1575904,4.18,42
FRED,2026-01-02,2025-12-15,4.2396674,4.217607,4.1575904,4.19,42
FRED,2026-01-05,2025-12-15,4.242715,4.2042913,4.1575904,4.17,42
FRED,2026-01-06,2025-12-15,4.243004,4.195353,4.1575904,4.18,42
FRED,2025-12-26,2025-12-24,4.1810126,4.1869097,4.165257,4.14,42
FRED,2025-12-29,2025-12-24,4.18882,4.1778035,4.165257,4.12,42
FRED,2025-12-30,2025-12-24,4.21461,4.1716127,4.165257,4.14,42
FRED,2025-12-31,2025-12-24,4.159244,4.178599,4.165257,4.18,42
FRED,2026-01-02,2025-12-24,4.2114167,4.1965604,4.165257,4.19,42
FRED,2026-01-05,2025-12-24,4.245355,4.235328,4.165257,4.17,42
FRED,2026-01-06,2025-12-24,4.2293215,4.2194843,4.165257,4.18,42
FRED,2026-01-07,2025-12-24,4.1851096,4.2113633,4.165257,4.15,42
FRED,2026-01-08,2025-12-24,4.2342405,4.233739,4.165257,4.19,42
FRED,2026-01-09,2025-12-24,4.236036,4.263223,4.165257,4.18,42
FRED,2026-01-12,2025-12-24,4.2193613,4.2890797,4.165257,4.19,42
FRED,2026-01-13,2025-12-24,4.2025566,4.305413,4.165257,4.18,42
FRED,2026-01-14,2025-12-24,4.220995,4.326989,4.165257,4.15,42
FRED,2026-01-15,2025-12-24,4.2103887,4.324236,4.165257,4.17,42
FRED,2026-01-07,2026-01-06,4.211189,4.1779976,4.17559,4.15,42
FRED,2026-01-08,2026-01-06,4.229541,4.1820664,4.17559,4.19,42
FRED,2026-01-09,2026-01-06,4.219659,4.1621456,4.17559,4.18,42
FRED,2026-01-12,2026-01-06,4.2211246,4.1422515,4.17559,4.19,42
FRED,2026-01-13,2026-01-06,4.2407722,4.1211348,4.17559,4.18,42
FRED,2026-01-14,2026-01-06,4.2382827,4.1216273,4.17559,4.15,42
FRED,2026-01-15,2026-01-06,4.23885,4.129344,4.17559,4.17,42
FRED,2026-01-16,2026-01-06,4.2231493,4.148783,4.17559,4.24,42
FRED,2026-01-20,2026-01-06,4.238585,4.167345,4.17559,4.3,42
FRED,2026-01-21,2026-01-06,4.253177,4.177528,4.17559,4.26,42
FRED,2026-01-22,2026-01-06,4.2301106,4.1776495,4.17559,4.26,42
FRED,2026-01-23,2026-01-06,4.243659,4.183945,4.17559,4.24,42
FRED,2026-01-26,2026-01-06,4.2397213,4.2114687,4.17559,4.22,42
FRED,2026-01-27,2026-01-06,4.2301583,4.2728252,4.17559,4.24,42
FRED,2026-01-16,2026-01-15,4.204109,4.2389426,4.2055902,4.24,42
FRED,2026-01-20,2026-01-15,4.185537,4.257621,4.2055902,4.3,42
FRED,2026-01-21,2026-01-15,4.2032633,4.2660646,4.2055902,4.26,42
FRED,2026-01-22,2026-01-15,4.221901,4.278792,4.2055902,4.26,42
FRED,2026-01-23,2026-01-15,4.2006226,4.315829,4.2055902,4.24,42
FRED,2026-01-26,2026-01-15,4.217757,4.313415,4.2055902,4.22,42
FRED,2026-01-27,2026-01-15,4.225992,4.3635736,4.2055902,4.24,42
FRED,2026-01-28,2026-01-15,4.24589,4.39966,4.2055902,4.26,42
FRED,2026-01-29,2026-01-15,4.2301817,4.4074116,4.2055902,4.24,42
FRED,2026-01-30,2026-01-15,4.223552,4.3932524,4.2055902,4.26,42
FRED,2026-02-02,2026-01-15,4.238948,4.381645,4.2055902,4.29,42
FRED,2026-02-03,2026-01-15,4.239202,4.392925,4.2055902,4.28,42
FRED,2026-02-04,2026-01-15,4.2692137,4.465501,4.2055902,4.29,42
FRED,2026-02-05,2026-01-15,4.2815247,4.4555464,4.2055902,4.21,42
FRED,2026-01-28,2026-01-27,4.2132683,4.2597694,4.2332573,4.26,42
FRED,2026-01-29,2026-01-27,4.2277784,4.269268,4.2332573,4.24,42
FRED,2026-01-30,2026-01-27,4.222392,4.2574763,4.2332573,4.26,42
FRED,2026-02-02,2026-01-27,4.2272353,4.262467,4.2332573,4.29,42
FRED,2026-02-03,2026-01-27,4.218251,4.301977,4.2332573,4.28,42
FRED,2026-02-04,2026-01-27,4.2014084,4.342939,4.2332573,4.29,42
FRED,2026-02-05,2026-01-27,4.2136593,4.3531427,4.2332573,4.21,42
FRED,2026-02-06,2026-01-27,4.23327,4.35248,4.2332573,4.22,42
FRED,2026-02-09,2026-01-27,4.197966,4.3432875,4.2332573,4.22,42
FRED,2026-02-10,2026-01-27,4.222293,4.335452,4.2332573,4.16,42
FRED,2026-02-11,2026-01-27,4.236605,4.35712,4.2332573,4.18,42
FRED,2026-02-12,2026-01-27,4.2190847,4.376781,4.2332573,4.09,42
FRED,2026-02-13,2026-01-27,4.241243,4.390742,4.2332573,4.04,42
FRED,2026-02-17,2026-01-27,4.2369556,4.359038,4.2332573,4.05,42
